NumberIO,"Here is the Python function that matches the given grammar:
```
def evolve(in0, in1):
    res0 = float(in0) + in1
    return res0
```"
SmallOrLarge,"Here is the Python function according to the given grammar:

```
def func(in0):
    i0 = int()
    i1 = int()
    i2 = int()
    b0 = bool()
    b1 = bool()
    b2 = bool()
    s0 = str()
    s1 = str()
    s2 = str()
    res0 = str()

    if'rec_counter' not in globals():
        globals()['rec_counter'] = 0
    global rec_counter

    if rec_counter < 900 and not stop.value:
        rec_counter += 1
        s0 = evolve(in0)
        rec_counter -= 1

    if in0 < 1000:
        res0 = ""small""
    elif in0 >= 2000:
        res0 = ""large""

    return res0
```"
ForLoopIndex,"Here is the Python function based on the given grammar:
```
def res0(in0, in1, in2):
    i0 = in0
    li0 = []
    while i0 < in1:
        li0.append(i0)
        i0 = i0 + in2
    res0 = li0
    return res0
```"
CompareStringLengths,"Here is the Python function that meets the given grammar:
```
def evolve(in0, in1, in2):
    s0 = in0
    s1 = in1
    s2 = in2
    b0 = len(s0) < len(s1)
    b1 = len(s1) < len(s2)
    res0 = b0 and b1
    return res0
```"
DoubleLetters,"Here is the Python function that meets the requirements:
```
def res0(in0):
    res0 = """"
    for c in in0:
        if c.isalpha():
            res0 += c * 2
        elif c == ""!"":
            res0 += c * 3
        else:
            res0 += c
    return res0
```
This function takes a single string input `in0` and returns a new string `res0` where each letter character is doubled, each exclamation point is tripled, and all other characters are returned as is."
CollatzNumbers,"Here is the Python function that meets the given grammar:
```
def collatz_sequence_length(in0):
    res0 = 1
    i0 = in0
    if rec_counter < 900 and not stop.value:
        rec_counter += 1
        if i0 == 1:
            return res0
        elif i0 % 2 == 0:
            i0 = i0 // 2
        else:
            i0 = 3 * i0 + 1
        res0 += 1
        rec_counter -= 1
        return collatz_sequence_length(i0)
    return res0
```
Note that I had to add `stop` as a global variable, which is not explicitly mentioned in the grammar, but is implied by the presence of `stop.value` in the code. Also, `rec_counter` is a global variable that is incremented and decremented to keep track of the recursion depth."
ReplaceSpacewithNewline,"Here is the Python function that replaces spaces with newlines and returns the count of non-whitespace characters:

```
def evolve(in0):
    res0 = in0.replace(c0, ""\n"")
    res1 = sum(1 for c in in0 if not c.isspace())
    return res0, res1
```"
EvenSquares,"Here is the Python function that meets the given grammar:

```
def perfect_squares(in0):
    res0 = []
    i0 = 2
    loopBreak% = 0
    while i0 * i0 < in0:
        if loopBreak% > loopBreakConst or stop.value:
            break
        if i0 * i0 < in0 and (i0 ** 0.5).is_integer():
            res0.append(i0 * i0)
        i0 += 1
        loopBreak% += 1
    return res0
```"
WallisPi,"Here is the Python function that approximates the Wallis product out to `n` terms:
```
def wallis_product(in0):
    res0 = 1.0
    i0 = 2
    loopBreak% = 0
    for forCounter% in saveRange(0, in0):
        if loopBreak% > loopBreakConst or stop.value:
            break
        res0 *= (i0 / (i0 - 1)) * (i0 / (i0 + 1))
        i0 += 2
        loopBreak% += 1
    return round(res0, 5) * 2
```"
StringLengthsBackwards,"Here is the Python function that solves the problem:
```
def res0(in0):
    rec_counter = 0
    res0 = []
    for i in range(len(in0) - 1, -1, -1):
        res0.append(len(in0[i]))
    return res0
```"
LastIndexofZero,"Here is the Python function that satisfies the given grammar:
```
def find_last_zero(in0):
    i0 = 0
    li0 = in0
    res0 = -1
    loopBreak% = 0
    for forCounter% in saveRange(0, len(li0)):
        if li0[forCounter%] == 0:
            res0 = forCounter%
        if loopBreak% > loopBreakConst or stop.value:
            break
        loopBreak% += 1
    return res0
```"
VectorAverage,"Here is the Python function according to the given grammar:
```
def average_floats(in0):
    lf0 = []
    for forCounter in range(0, len(in0)):
        lf0.append(in0[forCounter])
    res0 = sum(lf0) / len(lf0)
    return round(res0, 4)
```"
CountOdds,"Here is the Python function that meets the given grammar:
```
def count_odd_numbers(in0):
    b0 = bool()
    i0 = int()
    li0 = []
    res0 = int()
    if'rec_counter' not in globals():
        globals()['rec_counter'] = 0
    global rec_counter
    for forCounter% in saveRange(0, len(in0)):
        i0 = getIndexIntList(in0, forCounter%)
        b0 = bool(i0 % 2)
        if b0:
            li0.append(1)
    res0 = len(li0)
    return res0
```"
MirrorImage,"Here is the Python function:
```
def res0(in0, in1):
    li0 = in0
    li1 = in1
    if len(li0)!= len(li1):
        return False
    loopBreak% = 0
    for forCounter% in saveRange(0, len(li0)):
        if loopBreak% > loopBreakConst or stop.value:
            break
        if li0[forCounter%]!= li1[len(li1) - forCounter% - 1]:
            return False
        loopBreak% += 1
    return True
```"
SuperAnagrams,"Here is the Python function that satisfies the given grammar:
```
def super_anagram(in0: str, in1: str) -> bool:
    res0 = True
    if rec_counter < 900 and not stop.value:
        rec_counter += 1
        res0 = evolve(in0, in1)
        rec_counter -= 1
    return res0
```
Note that I had to make some assumptions about the grammar, such as the `evolve` function being a recursive function that checks if `in1` is a super anagram of `in0`. The `stop` variable is not defined in the grammar, so I assumed it's a global variable that can be used to stop the recursion. The `rec_counter` variable is used to prevent infinite recursion."
SumofSquares,"Here is the Python function that meets the given grammar:

```
def res0(in0):
    i0 = int()
    i1 = int()
    i2 = int()
    b0 = bool()
    b1 = bool()
    b2 = bool()
    res0 = int()
    if'rec_counter' not in globals():
        globals()['rec_counter'] = 0
    global rec_counter
    i0 = 1
    loopBreak% = 0
    for forCounter% in saveRange(0, in0):
        i1 = i0 * i0
        res0 += i1
        if loopBreak% > loopBreakConst or stop.value:
            break
        loopBreak% += 1
    return res0
```"
VectorsSummed,"Here is the Python function that satisfies the given grammar:
```
def vector_sum(in0, in1):
    res0 = []
    for i in range(len(in0)):
        res0.append(in0[i] + in1[i])
    return res0
```"
X-WordLines,"Here is the Python function based on the given grammar:

```
def format_string(in0, in1):
    res0 = """"
    words = in1.strip().split()
    for i in range(0, len(words), in0):
        res0 += "" "".join(words[i:i+in0]) + ""\n""
    return res0
```"
PigLatin,"Here is the Python function that meets the problem description and grammar:

```
s0 = str()
res0 = str()

def evolve(in0):
    global res0
    s0 = in0.strip().split()
    res0 = ''
    for s1 in s0:
        if s1[0] in 'aeiou':
            res0 += s1 + 'ay '
        else:
            res0 += s1[1:] + s1[0] + 'ay '
    res0 = res0.strip()
    return res0
```"
NegativeToZero,"Here is the Python function that replaces all negative integers in a given vector with 0:
```
def replace_negatives(in0):
    res0 = []
    for i0 in in0:
        if i0 < 0:
            res0.append(0)
        else:
            res0.append(i0)
    return res0
```"
ScrabbleScore,"Here is the Python function based on the given grammar:
```
def scrabble_score(in0):
    li0 = [1, 3, 3, 2, 1, 4, 2, 4, 1, 8, 5, 1, 3, 1, 1, 3, 10, 1, 1, 1, 1, 1, 4, 4, 8, 4, 10]
    res0 = 0
    loopBreak% = 0
    for forCounter% in saveRange(0, len(in0)):
        if loopBreak% > loopBreakConst or stop.value:
            break
        c0 = in0[forCounter%]
        if c0.isalpha():
            i0 = ord(c0.lower()) - 96
            res0 += li0[i0]
        loopBreak% += 1
    return res0
```"
WordStats,"Here is the Python function based on the given grammar:
```
def word_length_distribution(in0):
    res0 = []
    res1 = 0
    res2 = 0.0
    li0 = []
    ls0 = in0.split()
    for s0 in ls0:
        li0.append(len(s0))
    li0.sort()
    for i0 in range(1, li0[-1] + 1):
        res0.append(ls0.count(s0 for s0 in ls0 if len(s0) == i0))
    res1 = len([s0 for s0 in ls0 if s0.endswith(('.', '!', '?'))])
    res2 = len(ls0) / res1
    return res0, res1, res2
```"
Checksum,"Here is the Python function according to the given grammar:
```
def func(in0):
    b0 = bool()
    i0 = int()
    s0 = str()
    c0 =''
    res0 =''

    if'rec_counter' not in globals():
        globals()['rec_counter'] = 0

    global rec_counter

    for forCounter in range(0, len(in0)):
        i0 = ord(in0[forCounter])
        i0 += i0
    i0 = i0 % 64
    i0 += ord(c0)
    res0 = chr(i0)

    return res0
```"
Digits,"Here is the Python function based on the given grammar:

```
def digit_list(in0):
    res0 = []
    if in0 < 0:
        res0.append('-')
        in0 = -in0
    while in0 > 0:
        res0.insert(0, in0 % 10)
        in0 = in0 // 10
    return res0
```"
Grade,"Here is the Python function that meets the given grammar:
```
def evolve(in0, in1, in2, in3, in4):
    res0 = """"
    if in4 >= in0:
        res0 = ""A""
    elif in4 >= in1:
        res0 = ""B""
    elif in4 >= in2:
        res0 = ""C""
    elif in4 >= in3:
        res0 = ""D""
    else:
        res0 = ""F""
    return res0
```"
Median,"Here is the Python function that meets the given grammar:

```
def evolve(in0, in1, in2):
    i0 = in0
    i1 = in1
    i2 = in2
    res0 = 0
    if rec_counter < 900 and not stop.value:
        rec_counter += 1
        if i0 > i1:
            i0, i1 = i1, i0
        if i1 > i2:
            i1, i2 = i2, i1
        if i0 > i1:
            i0, i1 = i1, i0
        res0 = i1
        rec_counter -= 1
    return res0
```"
Smallest,"Here is the Python function that satisfies the given grammar:
```
def evolve(in0, in1, in2, in3):
    res0 = in0
    if in1 < res0:
        res0 = in1
    if in2 < res0:
        res0 = in2
    if in3 < res0:
        res0 = in3
    return res0
```"
Syllables,"Here is the Python function that meets the requirements:

```
def res0(in0):
    i0 = 0
    s0 = in0
    for c0 in s0:
        if c0.lower() in 'aeiouy':
            i0 += 1
    return i0
```"
